{
  "parent": "item/handheld",
  "textures": {
    "layer0": "additions:items/delta_stuff-emerald_heavy_sword-layer0"
  },
	  "display": {
        "thirdperson_righthand": {
            "rotation": [ 0, 270, 55 ],
            "translation": [ 0, 11, 0 ],
            "scale": [ 1.8, 1.8, 1 ]
        },
        "thirdperson_lefthand": {
            "rotation": [ 0, -270, -55 ],
            "translation": [ 0, 11, 0 ],
            "scale": [ 1.8, 1.8, 1 ]
        },
        "firstperson_righthand": {
            "rotation": [ 0, 270, 25 ],
            "translation": [ 0, 4, 2 ],
            "scale": [ 0.9, 0.9, 1 ]
        },
        "firstperson_lefthand": {
            "rotation": [ 0, -270, -25 ],
            "translation": [ 0, 4, 2 ],
            "scale": [ 0.9, 0.9, 1 ]
        }
    }
}