{
  "parent": "item/handheld",
  "textures": {
    "layer0": "additions:items/delta_stuff-emerald_scythe-layer0"
  },
      "display": {
        "thirdperson_righthand": {
            "rotation": [ 0, 275, 25 ],
            "translation": [ 0, 6, 2 ],
            "scale": [ 1.5, 1.5, 1 ]
        },
        "thirdperson_lefthand": {
            "rotation": [ 0, -275, -25 ],
            "translation": [ 0, 6, 2 ],
            "scale": [ 1.5, 1.5, 1 ]
        },
        "firstperson_righthand": {
            "rotation": [ 0, 280, 25 ],
            "translation": [ 0, 6, 1 ],
            "scale": [ 1, 1, 1 ]
        },
        "firstperson_lefthand": {
            "rotation": [ 250, -280, 90 ],
            "translation": [ 0, 6, 1 ],
            "scale": [ 1, 1, 1 ]
        }
    }
}