{
  "cause": {
    "equipment": [
      {
        "slot": "chest",
        "item": {
          "item": "additions:delta_stuff-life_chestplate",
          "damage": "any"
        }
      },
      {
        "slot": "legs",
        "item": {
          "item": "additions:delta_stuff-life_leggings",
          "damage": "any"
        }
      },
      {
        "slot": "feet",
        "item": {
          "item": "additions:delta_stuff-life_boots",
          "damage": "any"
        }
      },
      {
        "slot": "head",
        "item": {
          "item": "additions:delta_stuff-life_helmet",
          "damage": "any"
        }
      }
    ],
    "pieces_required": 4,
    "type": "additions:item_equipped"
  },
  "effects": [
    {
      "potion": {
        "name": "minecraft:regeneration",
        "duration": 2,
        "amplifier": 0,
        "ambient": false,
        "show_particles": false
      },
      "type": "additions:potion"
    }
  ]
}