{
  "cause": {
    "item": {
      "item": "minecraft:spawn_egg",
      "tag": "{display:{Lore:[\"Are you MAD!?\"],Name:\"Spawn HEROBRINE\"},EntityTag:{Tags:[\"Herobrine\"]}}"
    },
    "hand": "MAINHAND",
    "against_block": true,
    "type": "additions:item_right_click_block"
  },
  "effects": [
    {
      "type": "additions:consume_item"
    },
    {
      "command": "setblock ~ ~ ~ lucky:lucky_block_delta 0 replace {Drops:[\"group(type\u003dcommand,ID\u003dsetblock ~ ~1 ~ air;type\u003dmessage,ID\u003d$eHerobrine joined the game;type\u003ddifficulty,ID\u003dhard;type\u003dentity,ID\u003dZombie,NBTTag\u003d(IsBaby\u003d0,HandItems\u003d[(id\u003dadditions:delta_stuff-emerald_sword,Count\u003d1,Damage\u003d0,tag\u003d(display\u003d(Name\u003d$4Herobrine\u0027s Sword,Lore\u003d[It bears arcane markings.]),AttributeModifiers\u003d[(Name\u003dgeneric.attackDamage,UUIDLeast\u003d187029,Amount\u003d15,Operation\u003d0,UUIDMost\u003d33347,AttributeName\u003dgeneric.attackDamage)],ench\u003d[(id\u003d20,lvl\u003d5),(id\u003d34,lvl\u003d10)])),()],ArmorItems\u003d[(id\u003dadditions:delta_stuff-emerald_boots,Count\u003d1,Damage\u003d0,tag\u003d(display\u003d(Name\u003d$4Herobrine\u0027s Boots,Lore\u003d[They bear arcane markings.]),ench\u003d[(id\u003d0,lvl\u003d6),(id\u003d34,lvl\u003d10)])),(id\u003dadditions:delta_stuff-emerald_leggings,Count\u003d1,Damage\u003d0,tag\u003d(display\u003d(Name\u003d$4Herobrine\u0027s Leggings,Lore\u003d[They bear arcane markings.]),ench\u003d[(id\u003d0,lvl\u003d6),(id\u003d34,lvl\u003d10)])),(id\u003dadditions:delta_stuff-emerald_chestplate,Count\u003d1,Damage\u003d0,tag\u003d(display\u003d(Name\u003d$4Herobrine\u0027s Chestplate,Lore\u003d[It bears arcane markings.]),ench\u003d[(id\u003d0,lvl\u003d6),(id\u003d34,lvl\u003d10)])),(id\u003dskull,Damage\u003d3,Count\u003d1,tag\u003d(SkullOwner\u003dMHF_Herobrine,display\u003d(Name\u003d$4$l$oHerobrine Skull,Lore\u003d[Skull of the $4$oForbidden One]),ench\u003d[(id\u003d0,lvl\u003d5),(id\u003d1,lvl\u003d5),(id\u003d3,lvl\u003d5),(id\u003d4,lvl\u003d5),(id\u003d5,lvl\u003d3),(id\u003d6,lvl\u003d1)]))],HandDropChances\u003d[0.8F,0f],ArmorDropChances\u003d[0.3F,0.3F,0.3F,2.0F],PersistanceRequired\u003d1b,CanBreakDoors\u003d1b,IsVillager\u003d0b,CustomName\u003d$c$l$oHerobrine,CustomNameVisible\u003dtrue,Attributes\u003d[(Name\u003dzombie.spawnReinforcements,Base\u003d1.0F),(Name\u003dgeneric.maxHealth,Base\u003d1000D),(Name\u003dgeneric.knockbackResistance,Base\u003d0.8F),(Name\u003dgeneric.movementSpeed,Base\u003d0.3F)],Health\u003d1000,ActiveEffects\u003d[(Id\u003d12,Amplifier\u003d2,Duration\u003d999999),(Id\u003d8,Amplifier\u003d3,Duration\u003d999999),(Id\u003d10,Amplifier\u003d1,Duration\u003d999999),(Id\u003d1,Amplifier\u003d10,Duration\u003d999999),(Id\u003d13,Amplifier\u003d1,Duration\u003d999999)]))@chance\u003d0.1@luck\u003d-3\"]}",
      "type": "additions:command"
    },
    {
      "command": "summon falling_block ~ ~1 ~ {Time:1,Block:\"redstone_block\"}",
      "type": "additions:command"
    },
    {
      "command": "title @a subtitle [\"\",{\"text\":\"Herobrine has been summoned!\",\"color\":\"red\"}]",
      "type": "additions:command"
    },
    {
      "command": "title @a title [\"\",{\"text\":\"WARNING\",\"color\":\"dark_red\"}]",
      "type": "additions:command"
    }
  ]
}