{
  "cause": {
    "item": {
      "item": "minecraft:spawn_egg",
      "tag": "{display:{Lore:[\"It\u0027s a boss!\"],Name:\"Spawn Blaze Lord\"},EntityTag:{Tags:[\"Blaze Lord\"]}}"
    },
    "hand": "MAINHAND",
    "against_block": true,
    "type": "additions:item_right_click_block"
  },
  "effects": [
    {
      "type": "additions:consume_item"
    },
    {
      "command": "setblock ~ ~ ~ lucky:lucky_block_delta 0 replace {Drops:[\"group(type\u003dcommand,ID\u003dsetblock ~ ~1 ~ air;type\u003ddifficulty,ID\u003dhard;type\u003dentity,ID\u003dBlaze,NBTTag\u003d(CustomName\u003d$6Blaze Lord,CustomNameVisible\u003d1,HandItems\u003d[(),()],ArmorItems\u003d[(),(),(),(id\u003dskull,Damage\u003d3,Count\u003d1,tag\u003d(AttributeModifiers\u003d[(AttributeName\u003dgeneric.attackDamage,Name\u003dgeneric.attackDamage,Amount\u003d0.5,Slot\u003dhead,Operation\u003d1,UUIDLeast\u003d894654,UUIDMost\u003d2872)],display\u003d(Name\u003d$6$oBlaze Lord\u0027s Head,Lore\u003d[Infused with the energy of the $c$oNether$5$o.]),SkullOwner\u003dMHF_Blaze,ench\u003d[(id\u003d7,lvl\u003d1),(id\u003d20,lvl\u003d1),(id\u003d50,lvl\u003d1)]))],ArmorDropChances\u003d[0.085F,0.085F,0.085F,2.0F],Attributes\u003d[(Name\u003dgeneric.maxHealth,Base\u003d50),(Name\u003dgeneric.followRange,Base\u003d50),(Name\u003dgeneric.knockbackResistance,Base\u003d.5)],Health\u003d50,PersistenceRequired\u003d1,ActiveEffects\u003d[(Id\u003d5,Amplifier\u003d0,Duration\u003d199980),(Id\u003d10,Amplifier\u003d1,Duration\u003d199980),(Id\u003d11,Amplifier\u003d3,Duration\u003d199980)]))@chance\u003d0.3@luck\u003d-2\"]}",
      "type": "additions:command"
    },
    {
      "command": "summon falling_block ~ ~1 ~ {Time:1,Block:\"redstone_block\"}",
      "type": "additions:command"
    }
  ]
}