{
  "cause": {
    "item": {
      "item": "minecraft:spawn_egg",
      "tag": "{display:{Lore:[\"It\u0027s a boss!\"],Name:\"Spawn Baba Yaga\"},EntityTag:{Tags:[\"Baba Yaga\"]}}"
    },
    "hand": "MAINHAND",
    "against_block": true,
    "type": "additions:item_right_click_block"
  },
  "effects": [
    {
      "type": "additions:consume_item"
    },
    {
      "command": "setblock ~ ~ ~ lucky:lucky_block_delta 0 replace {Drops:[\"group(type\u003dcommand,ID\u003dsetblock ~ ~1 ~ air;type\u003ddifficulty,ID\u003dhard;type\u003dentity,ID\u003dWitch,NBTTag\u003d(CustomName\u003d$5Baba Yaga,CustomNameVisible\u003d1,HandItems\u003d[(),()],ArmorItems\u003d[(id\u003dleather_boots,Count\u003d1,tag\u003d(ench\u003d[(id\u003d0,lvl\u003d1),(id\u003d7,lvl\u003d1),(id\u003d34,lvl\u003d10)],display\u003d(Name\u003d$5Witch $dBoots,color\u003d6701851))),(id\u003dleather_leggings,Count\u003d1,tag\u003d(ench\u003d[(id\u003d0,lvl\u003d1),(id\u003d7,lvl\u003d1),(id\u003d34,lvl\u003d10)],display\u003d(Name\u003d$5Witch $dPants,color\u003d7290552))),(id\u003dleather_chestplate,Count\u003d1,tag\u003d(ench\u003d[(id\u003d0,lvl\u003d1),(id\u003d7,lvl\u003d1),(id\u003d34,lvl\u003d10)],display\u003d(Name\u003d$5Witch $dRobe,color\u003d12531382))),(id\u003dskull,Damage\u003d3,Count\u003d1,tag\u003d(AttributeModifiers\u003d[(AttributeName\u003dgeneric.knockbackResistance,Name\u003dgeneric.knockbackResistance,Amount\u003d0.5,Slot\u003dhead,Operation\u003d0,UUIDLeast\u003d894654,UUIDMost\u003d2872)],display\u003d(Name\u003d$e$oBaba Yaga\u0027s Talisman,Lore\u003d[Protects the wearer from all harm.]),SkullOwner\u003d(Id\u003dc659cdd4-e436-4977-a6a7-d5518ebecfbb,Properties\u003d(textures\u003d[(Value\u003deyJ0ZXh0dXJlcyI6eyJTS0lOIjp7InVybCI6Imh0dHA6Ly90ZXh0dXJlcy5taW5lY3JhZnQubmV0L3RleHR1cmUvMWFlMzg1NWY5NTJjZDRhMDNjMTQ4YTk0NmUzZjgxMmE1OTU1YWQzNWNiY2I1MjYyN2VhNGFjZDQ3ZDMwODEifX19)])),ench\u003d[(id\u003d0,lvl\u003d3),(id\u003d1,lvl\u003d3),(id\u003d3,lvl\u003d3),(id\u003d4,lvl\u003d3)]))],ArmorDropChances\u003d[-327.67f,-327.67f,-327.67f,2.0f],Attributes\u003d[(Name\u003dgeneric.maxHealth,Base\u003d100)],Health\u003d100,PersistenceRequired\u003d1,ActiveEffects\u003d[(Id\u003d1,Amplifier\u003d5,Duration\u003d199980,ShowParticles\u003d0b),(Id\u003d10,Amplifier\u003d1,Duration\u003d199980,ShowParticles\u003d0b),(Id\u003d11,Amplifier\u003d1,Duration\u003d199980,ShowParticles\u003d0b),(Id\u003d12,Amplifier\u003d0,Duration\u003d199980,ShowParticles\u003d0b)]))@chance\u003d0.3@luck\u003d-2\"]}",
      "type": "additions:command"
    },
    {
      "command": "summon falling_block ~ ~1 ~ {Time:1,Block:\"redstone_block\"}",
      "type": "additions:command"
    }
  ]
}