{
  "cause": {
    "item": {
      "item": "minecraft:spawn_egg",
      "tag": "{display:{Lore:[\"It\u0027s a miniboss!\"],Name:\"Spawn Ultra Ghast\"},EntityTag:{Tags:[\"Ultra Ghast\"]}}"
    },
    "hand": "MAINHAND",
    "against_block": true,
    "type": "additions:item_right_click_block"
  },
  "effects": [
    {
      "type": "additions:consume_item"
    },
    {
      "command": "setblock ~ ~ ~ lucky:lucky_block_delta 0 replace {Drops:[\"group(type\u003dcommand,ID\u003dsetblock ~ ~1 ~ air;type\u003ddifficulty,id\u003dhard;type\u003dentity,id\u003dGhast,NBTTag\u003d(HandItems\u003d[(id\u003dadditions:delta_stuff-emerald_sword,Count\u003d1,tag\u003d(ench\u003d#luckySwordEnchantments)),()],ArmorItems\u003d[(id\u003dadditions:delta_stuff-emerald_boots,Count\u003d1,tag\u003d(ench\u003d#luckyBootsEnchantments)),(id\u003dadditions:delta_stuff-emerald_leggings,Count\u003d1,tag\u003d(ench\u003d#luckyLeggingsEnchantments)),(id\u003dadditions:delta_stuff-emerald_chestplate,Count\u003d1,tag\u003d(ench\u003d#luckyChestplateEnchantments)),(id\u003dadditions:delta_stuff-emerald_helmet,Count\u003d1,tag\u003d(ench\u003d#luckyHelmetEnchantments))],HandDropChances\u003d[-327.67f,0f],ArmorDropChances\u003d[-327.67f,-327.67f,-327.67f,-327.67f],ExplosionPower\u003d3,CustomName\u003d$7$lUltra Ghast,CustomNameVisible\u003dtrue,Attributes\u003d[(Name\u003dgeneric.maxHealth,Base\u003d30)],Health\u003d30))@chance\u003d0.2@luck\u003d-2\"]}",
      "type": "additions:command"
    },
    {
      "command": "summon falling_block ~ ~1 ~ {Time:1,Block:\"redstone_block\"}",
      "type": "additions:command"
    }
  ]
}