{
  "cause": {
    "item": {
      "item": "minecraft:spawn_egg",
      "tag": "{display:{Lore:[\"It\u0027s a boss!\"],Name:\"Spawn Unlucky Wither\"},EntityTag:{Tags:[\"Unlucky Wither\"]}}"
    },
    "hand": "MAINHAND",
    "against_block": true,
    "type": "additions:item_right_click_block"
  },
  "effects": [
    {
      "type": "additions:consume_item"
    },
    {
      "command": "setblock ~ ~ ~ lucky:lucky_block_delta 0 replace {Drops:[\"group(type\u003dcommand,ID\u003dsetblock ~ ~1 ~ air;type\u003ddifficulty,ID\u003dhard;type\u003dentity,ID\u003dWither,NBTTag\u003d(Health\u003d500,CustomName\u003d$e$lUnlucky Wither,CustomNameVisible\u003dtrue,Attributes\u003d[(Name\u003dgeneric.maxHealth,Base\u003d500D)]))@chance\u003d0.1@luck\u003d-2\"]}",
      "type": "additions:command"
    },
    {
      "command": "summon falling_block ~ ~1 ~ {Time:1,Block:\"redstone_block\"}",
      "type": "additions:command"
    }
  ]
}