{
  "cause": {
    "item": {
      "item": "minecraft:spawn_egg",
      "tag": "{display:{Lore:[\"For the Challenge Games\"],Name:\"Lucky Trader\"},EntityTag:{Tags:[\"Lucky Trader\"]}}"
    },
    "hand": "MAINHAND",
    "against_block": true,
    "type": "additions:item_right_click_block"
  },
  "effects": [
    {
      "type": "additions:consume_item"
    },
    {
      "command": "setblock ~ ~ ~ lucky:lucky_block_delta 0 replace {Drops:[\"group(type\u003dcommand,ID\u003dsetblock ~ ~1 ~ air;type\u003dentity,ID\u003dVillager,NBTTag\u003d(CustomName\u003d$lLucky Trader,CustomNameVisible\u003d1,Profession\u003d0,Career\u003d1,CareerLevel\u003d100,Offers\u003d(Recipes\u003d[(rewardExp\u003d0b,maxUses\u003d2147483647,uses\u003d0,buy\u003d(id\u003ddiamond,Count\u003d4),sell\u003d(id\u003dlucky:lucky_block_delta,Count\u003d1)),(rewardExp\u003d0b,maxUses\u003d2147483647,uses\u003d0,buy\u003d(id\u003ddiamond,Count\u003d5),sell\u003d(id\u003denchanting_table,Count\u003d1)),(rewardExp\u003d0b,maxUses\u003d2147483647,uses\u003d0,buy\u003d(id\u003ddiamond,Count\u003d7),sell\u003d(id\u003dgolden_apple,Damage\u003d1,Count\u003d1)),(rewardExp\u003d0b,maxUses\u003d2147483647,uses\u003d0,buy\u003d(id\u003demerald,Count\u003d5),sell\u003d(id\u003ddiamond,Count\u003d5))]),Invulnerable\u003d1))@chance\u003d0.9@luck\u003d2\"]}",
      "type": "additions:command"
    },
    {
      "command": "summon falling_block ~ ~1 ~ {Time:1,Block:\"redstone_block\"}",
      "type": "additions:command"
    }
  ]
}