{
  "cause": {
    "item": {
      "item": "minecraft:spawn_egg",
      "tag": "{display:{Lore:[\"Are you INSANE!?\"],Name:\"Spawn DELTA HEROBRINE\"},EntityTag:{Tags:[\"Delta Herobrine\"]}}"
    },
    "hand": "MAINHAND",
    "against_block": true,
    "type": "additions:item_right_click_block"
  },
  "effects": [
    {
      "type": "additions:consume_item"
    },
    {
      "command": "setblock ~ ~ ~ lucky:lucky_block_delta 0 replace {Drops:[\"group(type\u003dcommand,ID\u003dsetblock ~ ~1 ~ air;type\u003dentity,ID\u003dZombie,NBTTag\u003d(IsBaby\u003d0b,HandItems\u003d[(id\u003dadditions:delta_stuff-emerald_sword,Count\u003d1,Damage\u003d0,tag\u003d(display\u003d(Name\u003d$4Herobrine\u0027s $aDelta $4Sword,Lore\u003d[It bears arcane markings.]),AttributeModifiers\u003d[(Name\u003dgeneric.attackDamage,UUIDLeast\u003d187029,Amount\u003d50,Slot\u003dmainhand,Operation\u003d0,UUIDMost\u003d33347,AttributeName\u003dgeneric.attackDamage)],ench\u003d[(id\u003d16,lvl\u003d10),(id\u003d17,lvl\u003d10),(id\u003d18,lvl\u003d10),(id\u003d19,lvl\u003d5),(id\u003d20,lvl\u003d5),(id\u003d21,lvl\u003d5),(id\u003d34,lvl\u003d10),(id\u003d34,lvl\u003d10),(id\u003d34,lvl\u003d10)])),()],ArmorItems\u003d[(id\u003dadditions:delta_stuff-emerald_boots,Count\u003d1,Damage\u003d0,tag\u003d(display\u003d(Name\u003d$4Herobrine\u0027s $aDelta $4Boots,Lore\u003d[They bear arcane markings.]),AttributeModifiers\u003d[(AttributeName\u003dgeneric.movementSpeed,Name\u003dgeneric.movementSpeed,Amount\u003d0.2D,Slot\u003dfeet,Operation\u003d0,UUIDLeast\u003d894654,UUIDMost\u003d2872),(UUIDMost\u003d43691,UUIDLeast\u003d127292,Amount\u003d3,Slot\u003dfeet,AttributeName\u003dgeneric.armor,Operation\u003d0,Name\u003dgeneric.armor),(UUIDMost\u003d12703,UUIDLeast\u003d172095,Amount\u003d2,Slot\u003dfeet,AttributeName\u003dgeneric.armorToughness,Operation\u003d0,Name\u003dgeneric.armorToughness)],ench\u003d[(id\u003d0,lvl\u003d10),(id\u003d1,lvl\u003d10),(id\u003d3,lvl\u003d10),(id\u003d4,lvl\u003d10),(id\u003d2,lvl\u003d10),(id\u003d34,lvl\u003d10),(id\u003d34,lvl\u003d10),(id\u003d34,lvl\u003d10)])),(id\u003dadditions:delta_stuff-emerald_leggings,Count\u003d1,Damage\u003d0,tag\u003d(display\u003d(Name\u003d$4Herobrine\u0027s $aDelta Leggings,Lore\u003d[They bear arcane markings.]),AttributeModifiers\u003d[(AttributeName\u003dgeneric.knockbackResistance,Name\u003dgeneric.knockbackResistance,Amount\u003d1D,Slot\u003dlegs,Operation\u003d0,UUIDLeast\u003d894654,UUIDMost\u003d2872),(UUIDMost\u003d61294,UUIDLeast\u003d172796,Amount\u003d6,Slot\u003dlegs,AttributeName\u003dgeneric.armor,Operation\u003d0,Name\u003dgeneric.armor),(UUIDMost\u003d42410,UUIDLeast\u003d147157,Amount\u003d2,Slot\u003dlegs,AttributeName\u003dgeneric.armorToughness,Operation\u003d0,Name\u003dgeneric.armorToughness)],ench\u003d[(id\u003d0,lvl\u003d10),(id\u003d1,lvl\u003d10),(id\u003d3,lvl\u003d10),(id\u003d4,lvl\u003d10),(id\u003d34,lvl\u003d10),(id\u003d34,lvl\u003d10),(id\u003d34,lvl\u003d10)])),(id\u003dadditions:delta_stuff-emerald_chestplate,Count\u003d1,Damage\u003d0,tag\u003d(display\u003d(Name\u003d$4Herobrine\u0027s $aDelta Chestplate,Lore\u003d[It bears arcane markings.]),AttributeModifiers\u003d[(AttributeName\u003dgeneric.maxHealth,Name\u003dgeneric.maxHealth,Amount\u003d80D,Operation\u003d0,Slot\u003dchest,UUIDLeast\u003d894654,UUIDMost\u003d2872),(UUIDMost\u003d40752,UUIDLeast\u003d133258,Amount\u003d8,Slot\u003dchest,AttributeName\u003dgeneric.armor,Operation\u003d0,Name\u003dgeneric.armor),(UUIDMost\u003d51102,UUIDLeast\u003d103664,Amount\u003d2,Slot\u003dchest,AttributeName\u003dgeneric.armorToughness,Operation\u003d0,Name\u003dgeneric.armorToughness)],ench\u003d[(id\u003d0,lvl\u003d10),(id\u003d1,lvl\u003d10),(id\u003d3,lvl\u003d10),(id\u003d4,lvl\u003d10),(id\u003d34,lvl\u003d10),(id\u003d34,lvl\u003d10),(id\u003d34,lvl\u003d10)])),(id\u003dskull,Damage\u003d3,Count\u003d1,tag\u003d(SkullOwner\u003dMHF_Herobrine,display\u003d(Name\u003d$a$l$oDelta $4$l$oHerobrine Skull,Lore\u003d[Skull of the $4$oForbidden One]),ench\u003d[(id\u003d0,lvl\u003d10),(id\u003d1,lvl\u003d10),(id\u003d3,lvl\u003d10),(id\u003d4,lvl\u003d10),(id\u003d7,lvl\u003d5),(id\u003d5,lvl\u003d5),(id\u003d6,lvl\u003d5),(id\u003d34,lvl\u003d10),(id\u003d34,lvl\u003d10),(id\u003d34,lvl\u003d10)]))],HandDropChances\u003d[#randList(0,2)f,0f],ArmorDropChances\u003d[#randList(0,2)f,#randList(0,2)f,#randList(0,2)f,2.0F],PersistanceRequired\u003d1b,CanBreakDoors\u003d1b,IsVillager\u003d0b,CustomName\u003d$a$l$oDelta $c$l$oHerobrine,CustomNameVisible\u003dtrue,Attributes\u003d[(Name\u003dzombie.spawnReinforcements,Base\u003d1.0F),(Name\u003dgeneric.maxHealth,Base\u003d5000D),(Name\u003dgeneric.knockbackResistance,Base\u003d0.8F),(Name\u003dgeneric.movementSpeed,Base\u003d0.3F)],Health\u003d5000,ActiveEffects\u003d[(Id\u003d12,Amplifier\u003d2,Duration\u003d999999),(Id\u003d8,Amplifier\u003d3,Duration\u003d999999),(Id\u003d10,Amplifier\u003d1,Duration\u003d999999),(Id\u003d1,Amplifier\u003d10,Duration\u003d999999),(Id\u003d13,Amplifier\u003d1,Duration\u003d999999)]))@luck\u003d-2\"]}",
      "type": "additions:command"
    },
    {
      "command": "summon falling_block ~ ~1 ~ {Time:1,Block:\"redstone_block\"}",
      "type": "additions:command"
    },
    {
      "command": "title @a subtitle [\"\",{\"text\":\"Herobrine has been summoned!\",\"color\":\"red\"}]",
      "type": "additions:command"
    },
    {
      "command": "title @a title [\"\",{\"text\":\"WARNING\",\"color\":\"dark_red\"}]",
      "type": "additions:command"
    }
  ]
}