{
  "cause": {
    "item": {
      "item": "minecraft:spawn_egg",
      "tag": "{display:{Lore:[\"For the Challenge Games\",\"With Special ALPHA Trades\"],Name:\"Battle Strategist\"},EntityTag:{Tags:[\"Battle Strategist\"]}}"
    },
    "hand": "MAINHAND",
    "against_block": true,
    "type": "additions:item_right_click_block"
  },
  "effects": [
    {
      "type": "additions:consume_item"
    },
    {
      "command": "setblock ~ ~ ~ lucky:lucky_block_delta 0 replace {Drops:[\"group(type\u003dcommand,ID\u003dsetblock ~ ~1 ~ air;type\u003dentity,ID\u003dVillager,NBTTag\u003d(CustomName\u003d$lBattle Strategist,CustomNameVisible\u003d1,Profession\u003d0,Career\u003d1,CareerLevel\u003d100,Offers\u003d(Recipes\u003d[(rewardExp\u003d0b,maxUses\u003d2147483647,uses\u003d0,buy\u003d(id\u003dbeacon,Count\u003d1),sell\u003d(id\u003ddiamond_sword,Count\u003d1,tag\u003d(AttributeModifiers\u003d[(AttributeName\u003dgeneric.attackDamage,Name\u003dgeneric.attackDamage,Amount\u003d100D,Slot\u003dmainhand,Operation\u003d0,UUIDLeast\u003d894654,UUIDMost\u003d2872)],ench\u003d[(id\u003d16,lvl\u003d10),(id\u003d17,lvl\u003d10),(id\u003d18,lvl\u003d10),(id\u003d19,lvl\u003d5),(id\u003d20,lvl\u003d5),(id\u003d21,lvl\u003d5),(id\u003d34,lvl\u003d10),(id\u003d34,lvl\u003d10),(id\u003d34,lvl\u003d10)],display\u003d(Name\u003d$c$lAlpha Sword,Lore\u003d[Sword of the Gods])))),(rewardExp\u003d0b,maxUses\u003d2147483647,uses\u003d0,buy\u003d(id\u003dnether_star,Count\u003d1),sell\u003d(id\u003ddiamond_sword,Count\u003d1,tag\u003d(AttributeModifiers\u003d[(AttributeName\u003dgeneric.attackDamage,Name\u003dgeneric.attackDamage,Amount\u003d75D,Slot\u003dmainhand,Operation\u003d0,UUIDLeast\u003d894654,UUIDMost\u003d2872)],ench\u003d[(id\u003d16,lvl\u003d10),(id\u003d17,lvl\u003d10),(id\u003d18,lvl\u003d10),(id\u003d19,lvl\u003d5),(id\u003d20,lvl\u003d5),(id\u003d21,lvl\u003d5),(id\u003d34,lvl\u003d10),(id\u003d34,lvl\u003d10),(id\u003d34,lvl\u003d10)],display\u003d(Name\u003d$c$lAlpha Sword Lite,Lore\u003d[Sword of the Gods])))),(rewardExp\u003d0b,maxUses\u003d2147483647,uses\u003d0,buy\u003d(id\u003ddragon_egg,Count\u003d1),sell\u003d(id\u003ddiamond_sword,Count\u003d1,tag\u003d(AttributeModifiers\u003d[(AttributeName\u003dgeneric.attackDamage,Name\u003dgeneric.attackDamage,Amount\u003d75D,Slot\u003dmainhand,Operation\u003d0,UUIDLeast\u003d894654,UUIDMost\u003d2872)],ench\u003d[(id\u003d16,lvl\u003d10),(id\u003d17,lvl\u003d10),(id\u003d18,lvl\u003d10),(id\u003d19,lvl\u003d5),(id\u003d20,lvl\u003d5),(id\u003d21,lvl\u003d5),(id\u003d34,lvl\u003d10),(id\u003d34,lvl\u003d10),(id\u003d34,lvl\u003d10)],display\u003d(Name\u003d$c$lAlpha Sword Lite,Lore\u003d[Sword of the Gods])))),(rewardExp\u003d0b,maxUses\u003d2147483647,uses\u003d0,buy\u003d(id\u003ddiamond,Count\u003d5),sell\u003d(id\u003demerald,Count\u003d5))]),Invulnerable\u003d1))@chance\u003d0.9@luck\u003d2\"]}",
      "type": "additions:command"
    },
    {
      "command": "summon falling_block ~ ~1 ~ {Time:1,Block:\"redstone_block\"}",
      "type": "additions:command"
    }
  ]
}