{
  "cause": {
    "item": {
      "item": "minecraft:spawn_egg",
      "tag": "{display:{Lore:[\"It\u0027s a boss!\"],Name:\"Spawn Bacon Overlord\"},EntityTag:{Tags:[\"Bacon Overlord\"]}}"
    },
    "hand": "MAINHAND",
    "against_block": true,
    "type": "additions:item_right_click_block"
  },
  "effects": [
    {
      "type": "additions:consume_item"
    },
    {
      "command": "setblock ~ ~ ~ lucky:lucky_block_delta 0 replace {Drops:[\"group(type\u003dcommand,ID\u003dsetblock ~ ~1 ~ air;type\u003ddifficulty,ID\u003dhard;type\u003dentity,ID\u003dzombie_pigman,NBTTag\u003d(CustomName\u003d$dBacon Overlord,CustomNameVisible\u003d1,IsBaby\u003d0,Anger\u003d32767,HandItems\u003d[(id\u003dadditions:delta_stuff-emerald_mace,Count\u003d1,tag\u003d(HideFlags\u003d1,Unbreakable\u003d1,display\u003d(Name\u003d$6Overlord Scepter,Lore\u003d[The $6King$5$o of the $6Pigmen$5$o,wielded this $emighty staff$5$o.]),ench\u003d[(id\u003d16,lvl\u003d10),(id\u003d32,lvl\u003d10)])),()],ArmorItems\u003d[(id\u003dgolden_boots,Count\u003d1,tag\u003d(Unbreakable\u003d1,display\u003d(Name\u003d$6Overlord\u0027s Boots,Lore\u003d[Has an oddly tasty aroma.]),ench\u003d[(id\u003d1,lvl\u003d5)])),(id\u003dgolden_leggings,Count\u003d1,tag\u003d(Unbreakable\u003d1,display\u003d(Name\u003d$6Overlord\u0027s Leggings,Lore\u003d[Has an oddly tasty aroma.]),ench\u003d[(id\u003d1,lvl\u003d5)])),(id\u003dgolden_chestplate,Count\u003d1,tag\u003d(Unbreakable\u003d1,display\u003d(Name\u003d$6Overlord\u0027s Armor,Lore\u003d[Has an oddly tasty aroma.]),ench\u003d[(id\u003d1,lvl\u003d5)])),(id\u003dskull,Damage\u003d3,Count\u003d1,tag\u003d(display\u003d(Name\u003d$6$oBacon Overlord\u0027s Head,Lore\u003d[What... think the name\u0027s $6funny$5$o?,Wait until your $4foes$5$o see you.]),SkullOwner\u003dMHF_PigZombie,ench\u003d[(id\u003d0,lvl\u003d10)]))],HandDropChances\u003d[1.0f,0f],ArmorDropChances\u003d[-327.67f,-327.67f,-327.67f,2.0f],Attributes\u003d[(Name\u003dgeneric.maxHealth,Base\u003d100),(Name\u003dgeneric.followRange,Base\u003d50),(Name\u003dgeneric.knockbackResistance,Base\u003d0.5f),(Name\u003dgeneric.movementSpeed,Base\u003d0.5f),(Name\u003dgeneric.attackDamage,Base\u003d5)],Health\u003d100,PersistenceRequired\u003d1,ActiveEffects\u003d[(Id\u003d5,Amplifier\u003d0,Duration\u003d20),(Id\u003d11,Amplifier\u003d0,Duration\u003d20)]))@chance\u003d0.3@luck\u003d-2\"]}",
      "type": "additions:command"
    },
    {
      "command": "summon falling_block ~ ~1 ~ {Time:1,Block:\"redstone_block\"}",
      "type": "additions:command"
    }
  ]
}