{
  "cause": {
    "item": {
      "item": "minecraft:spawn_egg",
      "tag": "{display:{Lore:[\"Have fun.\"],Name:\"Omega Trader\"},EntityTag:{Tags:[\"Omega Trader\"]}}"
    },
    "hand": "MAINHAND",
    "against_block": true,
    "type": "additions:item_right_click_block"
  },
  "effects": [
    {
      "type": "additions:consume_item"
    },
    {
      "command": "setblock ~ ~ ~ lucky:lucky_block_delta 0 replace {Drops:[\"group(type\u003dcommand,ID\u003dsetblock ~ ~1 ~ air;type\u003dentity,ID\u003dVillager,NBTTag\u003d(Invulnerable\u003d1b,CustomName\u003d$b$lOmega Trader,CustomNameVisible\u003d1b,Profession\u003d2,Career\u003d0,CareerLevel\u003d100,Offers\u003d(Recipes\u003d[(rewardExp\u003d1b,maxUses\u003d2147483647,uses\u003d0,buy\u003d(id\u003ddiamond,Count\u003d32),sell\u003d(id\u003ddiamond_sword,Count\u003d1,tag\u003d(AttributeModifiers\u003d[(AttributeName\u003dgeneric.attackDamage,Name\u003dgeneric.attackDamage,Amount\u003d150D,Slot\u003dmainhand,Operation\u003d0,UUIDLeast\u003d894654,UUIDMost\u003d2872)],ench\u003d[(id\u003d16,lvl\u003d10),(id\u003d17,lvl\u003d10),(id\u003d18,lvl\u003d10),(id\u003d19,lvl\u003d5),(id\u003d20,lvl\u003d5),(id\u003d21,lvl\u003d5),(id\u003d34,lvl\u003d10),(id\u003d34,lvl\u003d10),(id\u003d34,lvl\u003d10)],display\u003d(Name\u003d$b$lOmega Sword,Lore\u003d[Sword of the Gods])))),(rewardExp\u003d1b,maxUses\u003d2147483647,uses\u003d0,buy\u003d(id\u003ddiamond,Count\u003d32),sell\u003d(id\u003ddiamond_helmet,Count\u003d1,tag\u003d(ench\u003d[(id\u003d0,lvl\u003d10),(id\u003d1,lvl\u003d10),(id\u003d3,lvl\u003d10),(id\u003d4,lvl\u003d10),(id\u003d7,lvl\u003d5),(id\u003d5,lvl\u003d5),(id\u003d6,lvl\u003d5),(id\u003d34,lvl\u003d10),(id\u003d34,lvl\u003d10),(id\u003d34,lvl\u003d10)],display\u003d(Name\u003d$b$lOmega Helmet,Lore\u003d[Helmet of the Gods])))),(rewardExp\u003d1b,maxUses\u003d2147483647,uses\u003d0,buy\u003d(id\u003ddiamond,Count\u003d32),sell\u003d(id\u003ddiamond_chestplate,Count\u003d1,tag\u003d(AttributeModifiers\u003d[(AttributeName\u003dgeneric.maxHealth,Name\u003dgeneric.maxHealth,Amount\u003d80D,Slot\u003dchest,Operation\u003d0,UUIDLeast\u003d894655,UUIDMost\u003d2873),(UUIDMost\u003d40752,UUIDLeast\u003d133258,Amount\u003d8,Slot\u003dchest,AttributeName\u003dgeneric.armor,Operation\u003d0,Name\u003dgeneric.armor),(UUIDMost\u003d51102,UUIDLeast\u003d103664,Amount\u003d2,Slot\u003dchest,AttributeName\u003dgeneric.armorToughness,Operation\u003d0,Name\u003dgeneric.armorToughness)],ench\u003d[(id\u003d0,lvl\u003d10),(id\u003d1,lvl\u003d10),(id\u003d3,lvl\u003d10),(id\u003d4,lvl\u003d10),(id\u003d7,lvl\u003d5),(id\u003d34,lvl\u003d10),(id\u003d34,lvl\u003d10),(id\u003d34,lvl\u003d10)],display\u003d(Name\u003d$b$lOmega Armor,Lore\u003d[Armor of the Gods])))),(rewardExp\u003d1b,maxUses\u003d2147483647,uses\u003d0,buy\u003d(id\u003ddiamond,Count\u003d32),sell\u003d(id\u003ddiamond_leggings,Count\u003d1,tag\u003d(AttributeModifiers\u003d[(AttributeName\u003dgeneric.knockbackResistance,Name\u003dgeneric.knockbackResistance,Amount\u003d1D,Slot\u003dlegs,Operation\u003d0,UUIDLeast\u003d894656,UUIDMost\u003d2874),(UUIDMost\u003d61294,UUIDLeast\u003d172796,Amount\u003d6,Slot\u003dlegs,AttributeName\u003dgeneric.armor,Operation\u003d0,Name\u003dgeneric.armor),(UUIDMost\u003d42410,UUIDLeast\u003d147157,Amount\u003d2,Slot\u003dlegs,AttributeName\u003dgeneric.armorToughness,Operation\u003d0,Name\u003dgeneric.armorToughness)],ench\u003d[(id\u003d0,lvl\u003d10),(id\u003d1,lvl\u003d10),(id\u003d3,lvl\u003d10),(id\u003d4,lvl\u003d10),(id\u003d7,lvl\u003d5),(id\u003d34,lvl\u003d10),(id\u003d34,lvl\u003d10),(id\u003d34,lvl\u003d10)],display\u003d(Name\u003d$b$lOmega Greaves,Lore\u003d[Greaves of the Gods])))),(rewardExp\u003d1b,maxUses\u003d2147483647,uses\u003d0,buy\u003d(id\u003ddiamond,Count\u003d32),sell\u003d(id\u003ddiamond_boots,Count\u003d1,tag\u003d(AttributeModifiers\u003d[(AttributeName\u003dgeneric.movementSpeed,Name\u003dgeneric.movementSpeed,Amount\u003d0.2D,Slot\u003dfeet,Operation\u003d0,UUIDLeast\u003d894657,UUIDMost\u003d2875),(UUIDMost\u003d43691,UUIDLeast\u003d127292,Amount\u003d3,Slot\u003dfeet,AttributeName\u003dgeneric.armor,Operation\u003d0,Name\u003dgeneric.armor),(UUIDMost\u003d12703,UUIDLeast\u003d172095,Amount\u003d2,Slot\u003dfeet,AttributeName\u003dgeneric.armorToughness,Operation\u003d0,Name\u003dgeneric.armorToughness)],ench\u003d[(id\u003d0,lvl\u003d10),(id\u003d1,lvl\u003d10),(id\u003d3,lvl\u003d10),(id\u003d4,lvl\u003d10),(id\u003d7,lvl\u003d5),(id\u003d2,lvl\u003d10),(id\u003d34,lvl\u003d10),(id\u003d34,lvl\u003d10),(id\u003d34,lvl\u003d10)],display\u003d(Name\u003d$b$lOmega Boots,Lore\u003d[Boots of the Gods]))))])))@luck\u003d2\"]}",
      "type": "additions:command"
    },
    {
      "command": "summon falling_block ~ ~1 ~ {Time:1,Block:\"redstone_block\"}",
      "type": "additions:command"
    }
  ]
}