{
  "cause": {
    "item": {
      "item": "minecraft:spawn_egg",
      "tag": "{display:{Lore:[\"It\u0027s a boss!\"],Name:\"Spawn Bob 2.0\"},EntityTag:{Tags:[\"Bob\"]}}"
    },
    "hand": "MAINHAND",
    "against_block": true,
    "type": "additions:item_right_click_block"
  },
  "effects": [
    {
      "type": "additions:consume_item"
    },
    {
      "command": "setblock ~ ~ ~ lucky:lucky_block_delta 0 replace {Drops:[\"group(type\u003dcommand,ID\u003dsetblock ~ ~1 ~ air;type\u003ddifficulty,ID\u003dhard;type\u003dentity,ID\u003dZombie,NBTTag\u003d(HandItems\u003d[(id\u003ddiamond_sword,Count\u003d1,tag\u003d(ench\u003d[(id\u003d16,lvl\u003d#rand(1,5)),(id\u003d#rand(17,18),lvl\u003d#rand(1,5)),(id\u003d19,lvl\u003d#rand(5,8)),(id\u003d20,lvl\u003d#rand(1,2)),(id\u003d21,lvl\u003d#rand(1,5))],display\u003d(Name\u003d$e$lBob\u0027s Sword))),()],ArmorItems\u003d[(id\u003ddiamond_boots,Count\u003d1,tag\u003d(ench\u003d#luckyBootsEnchantments,display\u003d(Name\u003d$e$lBob\u0027s Boots))),(id\u003ddiamond_leggings,Count\u003d1,tag\u003d(ench\u003d#luckyLeggingsEnchantments,display\u003d(Name\u003d$e$lBob\u0027s Pants))),(id\u003ddiamond_chestplate,Count\u003d1,tag\u003d(ench\u003d#luckyChestplateEnchantments,display\u003d(Name\u003d$e$lBob\u0027s Chestplate))),(id\u003ddiamond_helmet,Count\u003d1,tag\u003d(ench\u003d#luckyHelmetEnchantments,display\u003d(Name\u003d$e$lBob\u0027s Helmet)))],HandDropChances\u003d[#randList(0,2)f,0f],ArmorDropChances\u003d[#randList(0,2)f,#randList(0,2)f,#randList(0,2)f,#randList(0,2)f],CustomName\u003d$e$lBob 2.0,CustomNameVisible\u003dtrue,Attributes\u003d[(Name\u003dgeneric.maxHealth,Base\u003d50)],Health\u003d50))@luck\u003d-2\"]}",
      "type": "additions:command"
    },
    {
      "command": "summon falling_block ~ ~1 ~ {Time:1,Block:\"redstone_block\"}",
      "type": "additions:command"
    }
  ]
}