{
  "cause": {
    "item": {
      "item": "minecraft:spawn_egg",
      "tag": "{display:{Lore:[\"It\u0027s a boss!\"],Name:\"Spawn Ghost Rider\"},EntityTag:{Tags:[\"Ghost Rider\"]}}"
    },
    "hand": "MAINHAND",
    "against_block": true,
    "type": "additions:item_right_click_block"
  },
  "effects": [
    {
      "type": "additions:consume_item"
    },
    {
      "command": "setblock ~ ~ ~ lucky:lucky_block_delta 0 replace {Drops:[\"group(type\u003dcommand,ID\u003dsetblock ~ ~1 ~ air;type\u003ddifficulty,id\u003dhard,type\u003dentity,id\u003dBat,NBTTag\u003d(Silent\u003d1b,Health\u003d50f,Passengers\u003d[(id\u003dminecraft:skeleton_horse,PersistenceRequired\u003d1b,Health\u003d100f,Tame\u003d1b,Passengers\u003d[(id\u003dminecraft:skeleton,CustomName\u003d$7Ghost Rider,CustomNameVisible\u003d1b,PersistenceRequired\u003d1b,Health\u003d50f,HandItems\u003d[(id\u003dminecraft:bow,Count\u003d1b,tag\u003d(display\u003d(Name\u003d$7Ghost\u0027s Bow,Lore\u003d[Pulled from the hands of $8death$5$o itself...]),ench\u003d[(id\u003d21,lvl\u003d1),(id\u003d34,lvl\u003d5),(id\u003d48,lvl\u003d6),(id\u003d49,lvl\u003d2)])),()],HandDropChances\u003d[-327.67f,0.0f],ArmorItems\u003d[(id\u003dminecraft:chainmail_boots,Count\u003d1b,tag\u003d(ench\u003d[(id\u003d3,lvl\u003d5)])),(id\u003dminecraft:chainmail_leggings,Count\u003d1b,tag\u003d(ench\u003d[(id\u003d0,lvl\u003d5)])),(id\u003dminecraft:chainmail_chestplate,Count\u003d1b,tag\u003d(ench\u003d[(id\u003d4,lvl\u003d5)])),(id\u003dminecraft:skull,Count\u003d1b,tag\u003d(display\u003d(Name\u003d$7Ghost\u0027s Head,Lore\u003d[Even the flames of $4Hades,$5$ocannot scorch the wearer.]),ench\u003d[(id\u003d1,lvl\u003d10)]))],ArmorDropChances\u003d[-327.67f,-327.67f,-327.67f,1.0f],ActiveEffects\u003d[(Id\u003d11b,Amplifier\u003d1b,Duration\u003d199980,ShowParticles\u003d0b),(Id\u003d12b,Amplifier\u003d1b,Duration\u003d199980,ShowParticles\u003d0b)],Attributes\u003d[(Name\u003dgeneric.maxHealth,Base\u003d50),(Name\u003dgeneric.followRange,Base\u003d50),(Name\u003dgeneric.knockbackResistance,Base\u003d1)])],HandItems\u003d[(id\u003dminecraft:experience_bottle,Count\u003d16b),()],HandDropChances\u003d[1.0F,0F],Attributes\u003d[(Name\u003dgeneric.maxHealth,Base\u003d100),(Name\u003dgeneric.followRange,Base\u003d50),(Name\u003dgeneric.knockbackResistance,Base\u003d1)],SaddleItem\u003d(id\u003dminecraft:saddle,Count\u003d1b))],HandItems\u003d[(id\u003dminecraft:spawn_egg,Count\u003d1b,tag\u003d(EntityTag\u003d(id\u003dminecraft:bat),display\u003d(Name\u003d$7$lGhost Bat))),()],HandDropChances\u003d[1.0F,0F],Attributes\u003d[(Name\u003dgeneric.maxHealth,Base\u003d50)]))\"]}",
      "type": "additions:command"
    },
    {
      "command": "summon falling_block ~ ~1 ~ {Time:1,Block:\"redstone_block\"}",
      "type": "additions:command"
    }
  ]
}