{
  "cause": {
    "item": {
      "item": "minecraft:spawn_egg",
      "tag": "{display:{Lore:[\"For the Challenge Games\",\"With Special OMEGA Trades\"],Name:\"Strange Item Collector\"},EntityTag:{Tags:[\"Strange Item Collector\"]}}"
    },
    "hand": "MAINHAND",
    "against_block": true,
    "type": "additions:item_right_click_block"
  },
  "effects": [
    {
      "type": "additions:consume_item"
    },
    {
      "command": "setblock ~ ~ ~ lucky:lucky_block_delta 0 replace {Drops:[\"group(type\u003dcommand,ID\u003dsetblock ~ ~1 ~ air;type\u003dentity,ID\u003dVillager,NBTTag\u003d(CustomName\u003d$lStrange Item Collector,CustomNameVisible\u003d1,Profession\u003d0,Career\u003d1,CareerLevel\u003d100,Offers\u003d(Recipes\u003d[(rewardExp\u003d0b,maxUses\u003d2147483647,uses\u003d0,buy\u003d(id\u003dsponge,Count\u003d1),sell\u003d(id\u003demerald_block,Count\u003d1)),(rewardExp\u003d0b,maxUses\u003d2147483647,uses\u003d0,buy\u003d(id\u003dend_portal_frame,Count\u003d1),sell\u003d(id\u003demerald,Count\u003d1)),(rewardExp\u003d0b,maxUses\u003d2147483647,uses\u003d0,buy\u003d(id\u003dsaddle,Count\u003d1),sell\u003d(id\u003demerald,Count\u003d5)),(rewardExp\u003d0b,maxUses\u003d2147483647,uses\u003d0,buy\u003d(id\u003dcake,Count\u003d1),sell\u003d(id\u003demerald_block,Count\u003d1)),(rewardExp\u003d0b,maxUses\u003d2147483647,uses\u003d0,buy\u003d(id\u003dtnt,Count\u003d8),sell\u003d(id\u003ddiamond_sword,Count\u003d1,tag\u003d(display\u003d(Name\u003d$bLesser Omega Sword,Lore\u003d[Sword of the Demigods]),ench\u003d[(id\u003d16,lvl\u003d10),(id\u003d17,lvl\u003d10),(id\u003d18,lvl\u003d10),(id\u003d19,lvl\u003d5),(id\u003d20,lvl\u003d5),(id\u003d21,lvl\u003d10),(id\u003d34,lvl\u003d10)]))),(rewardExp\u003d0b,maxUses\u003d2147483647,uses\u003d0,buy\u003d(id\u003dender_chest,Count\u003d2),sell\u003d(id\u003ddiamond_sword,Count\u003d1,tag\u003d(display\u003d(Name\u003d$bLesser Omega Sword,Lore\u003d[Sword of the Demigods]),ench\u003d[(id\u003d16,lvl\u003d10),(id\u003d17,lvl\u003d10),(id\u003d18,lvl\u003d10),(id\u003d19,lvl\u003d5),(id\u003d20,lvl\u003d5),(id\u003d21,lvl\u003d10),(id\u003d34,lvl\u003d10)]))),(rewardExp\u003d0b,maxUses\u003d2147483647,uses\u003d0,buy\u003d(id\u003ddiamond_horse_armor,Count\u003d1),sell\u003d(id\u003dadditions:delta_stuff-enchanted_emerald_apple,Count\u003d2))]),Invulnerable\u003d1))@chance\u003d0.9@luck\u003d2\"]}",
      "type": "additions:command"
    },
    {
      "command": "summon falling_block ~ ~1 ~ {Time:1,Block:\"redstone_block\"}",
      "type": "additions:command"
    }
  ]
}