{
  "cause": {
    "item": {
      "item": "minecraft:spawn_egg",
      "tag": "{display:{Lore:[\"It\u0027s a boss!\"],Name:\"Spawn Wither Warrior\"},EntityTag:{Tags:[\"Wither Warrior\"]}}"
    },
    "hand": "MAINHAND",
    "against_block": true,
    "type": "additions:item_right_click_block"
  },
  "effects": [
    {
      "type": "additions:consume_item"
    },
    {
      "command": "setblock ~ ~ ~ lucky:lucky_block_delta 0 replace {Drops:[\"group(type\u003dcommand,ID\u003dsetblock ~ ~1 ~ air;type\u003ddifficulty,ID\u003dhard;type\u003dentity,ID\u003dwither_skeleton,NBTTag\u003d(CustomName\u003d$8Wither Warrior,CustomNameVisible\u003d1,HandItems\u003d[(id\u003dadditions:delta_stuff-emerald_sword,Count\u003d1,tag\u003d(AttributeModifiers\u003d[(AttributeName\u003dgeneric.attackDamage,Name\u003dgeneric.attackDamage,Amount\u003d10,Slot\u003dmainhand,Operation\u003d0,UUIDLeast\u003d894654,UUIDMost\u003d2872)],display\u003d(Name\u003d$7Wither Warrior\u0027s $2Emerald $7Sword,Lore\u003d[$5$oExtremely durable.,Has a sinister feel.]),ench\u003d[(id\u003d17,lvl\u003d5),(id\u003d19,lvl\u003d2),(id\u003d20,lvl\u003d2),(id\u003d21,lvl\u003d3),(id\u003d34,lvl\u003d5)])),()],ArmorItems\u003d[(id\u003dadditions:delta_stuff-emerald_boots,Count\u003d1,tag\u003d(AttributeModifiers\u003d[(AttributeName\u003dgeneric.movementSpeed,Name\u003dgeneric.movementSpeed,Amount\u003d0.1,Slot\u003dfeet,Operation\u003d0,UUIDLeast\u003d894654,UUIDMost\u003d2872),(UUIDMost\u003d43691,UUIDLeast\u003d127292,Amount\u003d3,Slot\u003dfeet,AttributeName\u003dgeneric.armor,Operation\u003d0,Name\u003dgeneric.armor),(UUIDMost\u003d12703,UUIDLeast\u003d172095,Amount\u003d2,Slot\u003dfeet,AttributeName\u003dgeneric.armorToughness,Operation\u003d0,Name\u003dgeneric.armorToughness)],display\u003d(Name\u003d$7Wither Warrior\u0027s $2Emerald $7Boots,Lore\u003d[$5$oExtremely durable.,Has a sinister feel.]),ench\u003d[(id\u003d1,lvl\u003d5),(id\u003d2,lvl\u003d5),(id\u003d8,lvl\u003d3),(id\u003d34,lvl\u003d5)])),(id\u003dadditions:delta_stuff-emerald_leggings,Count\u003d1,tag\u003d(AttributeModifiers\u003d[(AttributeName\u003dgeneric.knockbackResistance,Name\u003dgeneric.knockbackResistance,Amount\u003d0.2,Slot\u003dlegs,Operation\u003d0,UUIDLeast\u003d894654,UUIDMost\u003d2872),(UUIDMost\u003d61294,UUIDLeast\u003d172796,Amount\u003d6,Slot\u003dlegs,AttributeName\u003dgeneric.armor,Operation\u003d0,Name\u003dgeneric.armor),(UUIDMost\u003d42410,UUIDLeast\u003d147157,Amount\u003d2,Slot\u003dlegs,AttributeName\u003dgeneric.armorToughness,Operation\u003d0,Name\u003dgeneric.armorToughness)],display\u003d(Name\u003d$7Wither Warrior\u0027s $2Emerald $7Leggings,Lore\u003d[$5$oExtremely durable.,Has a sinister feel.]),ench\u003d[(id\u003d3,lvl\u003d5),(id\u003d34,lvl\u003d5)])),(id\u003dadditions:delta_stuff-emerald_chestplate,Count\u003d1,tag\u003d(AttributeModifiers\u003d[(AttributeName\u003dgeneric.maxHealth,Name\u003dgeneric.maxHealth,Amount\u003d10,Slot\u003dchest,Operation\u003d0,UUIDLeast\u003d894654,UUIDMost\u003d2872),(UUIDMost\u003d40752,UUIDLeast\u003d133258,Amount\u003d8,Slot\u003dchest,AttributeName\u003dgeneric.armor,Operation\u003d0,Name\u003dgeneric.armor),(UUIDMost\u003d51102,UUIDLeast\u003d103664,Amount\u003d2,Slot\u003dchest,AttributeName\u003dgeneric.armorToughness,Operation\u003d0,Name\u003dgeneric.armorToughness)],display\u003d(Name\u003d$7Wither Warrior\u0027s $2Emerald$7 Chestplate,Lore\u003d[$5$oExtremely durable.,Has a sinister feel.]),ench\u003d[(id\u003d0,lvl\u003d5),(id\u003d34,lvl\u003d5)])),(id\u003dskull,Damage\u003d3,Count\u003d1,tag\u003d(display\u003d(Name\u003d$7$oAwakened Wither Skull,Lore\u003d[Repels damage.,Has a sinister feel.]),SkullOwner\u003d(Id\u003d119c371b-ea16-47c9-ad7f-23b3d894520a,Properties\u003d(textures\u003d[(Value\u003deyJ0ZXh0dXJlcyI6eyJTS0lOIjp7InVybCI6Imh0dHA6Ly90ZXh0dXJlcy5taW5lY3JhZnQubmV0L3RleHR1cmUvY2RmNzRlMzIzZWQ0MTQzNjk2NWY1YzU3ZGRmMjgxNWQ1MzMyZmU5OTllNjhmYmI5ZDZjZjVjOGJkNDEzOWYifX19)])),ench\u003d[(id\u003d7,lvl\u003d5)]))],HandDropChances\u003d[0.5F,0f],ArmorDropChances\u003d[0.3F,0.3F,0.3F,2.0F],Attributes\u003d[(Name\u003dgeneric.maxHealth,Base\u003d50),(Name\u003dgeneric.movementSpeed,Base\u003d0.2),(Name\u003dgeneric.attackDamage,Base\u003d5),(Name\u003dgeneric.followRange,Base\u003d50),(Name\u003dgeneric.knockbackResistance,Base\u003d0.7)],Health\u003d50,PersistenceRequired\u003d1,ActiveEffects\u003d[(Id\u003d3,Amplifier\u003d0,Duration\u003d199980)]))@chance\u003d0.2@luck\u003d-2\"]}",
      "type": "additions:command"
    },
    {
      "command": "summon falling_block ~ ~1 ~ {Time:1,Block:\"redstone_block\"}",
      "type": "additions:command"
    }
  ]
}