{
  "name": "Lucky Block DELTA",
  "tab_item": {
    "item": "lucky:lucky_block_delta"
  },
  "items": [
    {
      "item": "lucky:lucky_block_delta"
    },
    {
      "item": "lucky:lucky_block_delta",
      "tag": "{Luck:80}"
    },
    {
      "item": "lucky:lucky_block_delta",
      "tag": "{Luck:-80}"
    },
    {
      "item": "additions:delta_stuff-emerald_sword",
      "tag": "{ench:[{lvl:10,id:16},{lvl:10,id:17},{lvl:10,id:18},{lvl:5,id:19},{lvl:5,id:20},{lvl:5,id:21},{lvl:10,id:34},{lvl:10,id:34},{lvl:10,id:34}],display:{Lore:[\"Sword of Ultimate Desire\",\"\",\"Pulled from Creative\"],Name:\"Delta Sword\"},AttributeModifiers:[{UUIDMost:10460,UUIDLeast:158621,Amount:150,Slot:\"mainhand\",AttributeName:\"generic.attackDamage\",Operation:0,Name:\"generic.attackDamage\"}]}"
    },
    {
      "item": "additions:delta_stuff-emerald_heavy_sword",
      "tag": "{ench:[{lvl:10,id:16},{lvl:10,id:17},{lvl:10,id:18},{lvl:5,id:19},{lvl:5,id:20},{lvl:5,id:21},{lvl:10,id:34},{lvl:10,id:34},{lvl:10,id:34}],display:{Lore:[\"Sword of Ultimate Desire\",\"Now with extra oomph.\",\"\",\"Pulled from Creative\"],Name:\"Delta Sword MK-II\"},AttributeModifiers:[{UUIDMost:10460,UUIDLeast:158621,Amount:1500,Slot:\"mainhand\",AttributeName:\"generic.attackDamage\",Operation:0,Name:\"generic.attackDamage\"}]}"
    },
    {
      "item": "additions:delta_stuff-emerald_pickaxe",
      "tag": "{ench:[{lvl:10,id:16},{lvl:10,id:17},{lvl:10,id:18},{lvl:5,id:19},{lvl:5,id:20},{lvl:5,id:21},{lvl:10,id:32},{lvl:5,id:35},{lvl:10,id:34},{lvl:10,id:34},{lvl:10,id:34}],display:{Lore:[\"Pickaxe of Ultimate Desire\",\"\",\"Pulled from Creative\"],Name:\"Delta Pickaxe F\"},AttributeModifiers:[{UUIDMost:10460,UUIDLeast:158621,Amount:80,Slot:\"mainhand\",AttributeName:\"generic.attackDamage\",Operation:0,Name:\"generic.attackDamage\"}]}"
    },
    {
      "item": "additions:delta_stuff-emerald_pickaxe",
      "tag": "{ench:[{lvl:10,id:16},{lvl:10,id:17},{lvl:10,id:18},{lvl:5,id:19},{lvl:5,id:20},{lvl:5,id:21},{lvl:10,id:32},{lvl:1,id:33},{lvl:10,id:34},{lvl:10,id:34},{lvl:10,id:34}],display:{Lore:[\"Pickaxe of Ultimate Desire\",\"\",\"Pulled from Creative\"],Name:\"Delta Pickaxe S\"},AttributeModifiers:[{UUIDMost:10460,UUIDLeast:158621,Amount:80,Slot:\"mainhand\",AttributeName:\"generic.attackDamage\",Operation:0,Name:\"generic.attackDamage\"}]}"
    },
    {
      "item": "additions:delta_stuff-emerald_shovel",
      "tag": "{ench:[{lvl:10,id:16},{lvl:10,id:17},{lvl:10,id:18},{lvl:5,id:19},{lvl:5,id:20},{lvl:5,id:21},{lvl:10,id:32},{lvl:1,id:33},{lvl:10,id:34},{lvl:10,id:34},{lvl:10,id:34}],display:{Lore:[\"Shovel of Ultimate Desire\",\"\",\"Pulled from Creative\"],Name:\"Delta Shovel\"},AttributeModifiers:[{UUIDMost:10460,UUIDLeast:158621,Amount:50,Slot:\"mainhand\",AttributeName:\"generic.attackDamage\",Operation:0,Name:\"generic.attackDamage\"}]}"
    },
    {
      "item": "additions:delta_stuff-emerald_axe",
      "tag": "{ench:[{lvl:10,id:16},{lvl:10,id:17},{lvl:10,id:18},{lvl:5,id:19},{lvl:5,id:20},{lvl:5,id:21},{lvl:10,id:32},{lvl:1,id:33},{lvl:10,id:34},{lvl:10,id:34},{lvl:10,id:34}],display:{Lore:[\"Axe of Ultimate Desire\",\"\",\"Pulled from Creative\"],Name:\"Delta Axe\"},AttributeModifiers:[{UUIDMost:10460,UUIDLeast:158621,Amount:100,Slot:\"mainhand\",AttributeName:\"generic.attackDamage\",Operation:0,Name:\"generic.attackDamage\"}]}"
    },
    {
      "item": "additions:delta_stuff-emerald_hoe",
      "tag": "{ench:[{lvl:10,id:16},{lvl:10,id:17},{lvl:10,id:18},{lvl:5,id:19},{lvl:5,id:20},{lvl:5,id:21},{lvl:10,id:34},{lvl:10,id:34},{lvl:10,id:34}],display:{Lore:[\"Hoe of Ultimate Desire\",\"Not lowering the attack by 1, sorry.\",\"\",\"Pulled from Creative\"],Name:\"Delta Hoe\"},AttributeModifiers:[{UUIDMost:10460,UUIDLeast:158621,Amount:50,Slot:\"mainhand\",AttributeName:\"generic.attackDamage\",Operation:0,Name:\"generic.attackDamage\"}]}"
    },
    {
      "item": "additions:delta_stuff-emerald_bow",
      "tag": "{ench:[{lvl:1,id:50},{lvl:1,id:51},{lvl:10,id:48},{lvl:10,id:48},{lvl:5,id:49},{lvl:10,id:34},{lvl:10,id:34},{lvl:10,id:34}],display:{Lore:[\"Bow of Ultimate Desire\",\"\",\"Pulled from Creative\"],Name:\"Delta Bow\"}}"
    },
    {
      "item": "additions:delta_stuff-emerald_helmet",
      "tag": "{ench:[{lvl:10,id:0},{lvl:10,id:1},{lvl:10,id:3},{lvl:10,id:4},{lvl:5,id:7},{lvl:5,id:5},{lvl:5,id:6},{lvl:10,id:34},{lvl:10,id:34},{lvl:10,id:34}],display:{Lore:[\"Helmet of Ultimate Desire\",\"\",\"Pulled from Creative\"],Name:\"Delta Helmet\"}}"
    },
    {
      "item": "additions:delta_stuff-emerald_chestplate",
      "tag": "{ench:[{lvl:10,id:0},{lvl:10,id:1},{lvl:10,id:3},{lvl:10,id:4},{lvl:5,id:7},{lvl:10,id:34},{lvl:10,id:34},{lvl:10,id:34}],display:{Lore:[\"Armor of Ultimate Desire\",\"\",\"Pulled from Creative\"],Name:\"Delta Armor\"},AttributeModifiers:[{UUIDMost:69115,UUIDLeast:114069,Amount:80,Slot:\"chest\",AttributeName:\"generic.maxHealth\",Operation:0,Name:\"generic.maxHealth\"},{UUIDMost:40752,UUIDLeast:133258,Amount:8,Slot:\"chest\",AttributeName:\"generic.armor\",Operation:0,Name:\"generic.armor\"},{UUIDMost:51102,UUIDLeast:103664,Amount:2,Slot:\"chest\",AttributeName:\"generic.armorToughness\",Operation:0,Name:\"generic.armorToughness\"}]}"
    },
    {
      "item": "additions:delta_stuff-emerald_leggings",
      "tag": "{ench:[{lvl:10,id:0},{lvl:10,id:1},{lvl:10,id:3},{lvl:10,id:4},{lvl:5,id:7},{lvl:10,id:34},{lvl:10,id:34},{lvl:10,id:34}],display:{Lore:[\"Greaves of Ultimate Desire\",\"\",\"Pulled from Creative\"],Name:\"Delta Greaves\"},AttributeModifiers:[{UUIDMost:96936,UUIDLeast:115502,Amount:1,Slot:\"legs\",AttributeName:\"generic.knockbackResistance\",Operation:0,Name:\"generic.knockbackResistance\"},{UUIDMost:43691,UUIDLeast:127292,Amount:6,Slot:\"legs\",AttributeName:\"generic.armor\",Operation:0,Name:\"generic.armor\"},{UUIDMost:12703,UUIDLeast:172095,Amount:2,Slot:\"legs\",AttributeName:\"generic.armorToughness\",Operation:0,Name:\"generic.armorToughness\"}]}"
    },
    {
      "item": "additions:delta_stuff-emerald_boots",
      "tag": "{ench:[{lvl:10,id:0},{lvl:10,id:1},{lvl:10,id:3},{lvl:10,id:4},{lvl:5,id:7},{lvl:10,id:2},{lvl:10,id:34},{lvl:10,id:34},{lvl:10,id:34}],display:{Lore:[\"Boots of Ultimate Desire\",\"\",\"Pulled from Creative\"],Name:\"Delta Boots\"},AttributeModifiers:[{UUIDMost:19882,UUIDLeast:141260,Amount:0.2d,Slot:\"feet\",AttributeName:\"generic.movementSpeed\",Operation:0,Name:\"generic.movementSpeed\"},{UUIDMost:42410,UUIDLeast:147157,Amount:2,Slot:\"feet\",AttributeName:\"generic.armorToughness\",Operation:0,Name:\"generic.armorToughness\"},{UUIDMost:61294,UUIDLeast:172796,Amount:3,Slot:\"feet\",AttributeName:\"generic.armor\",Operation:0,Name:\"generic.armor\"}]}"
    },
    {
      "item": "additions:delta_stuff-emerald_hoe"
    },
    {
      "item": "additions:delta_stuff-emerald_shovel"
    },
    {
      "item": "additions:delta_stuff-emerald_pickaxe"
    },
    {
      "item": "additions:delta_stuff-emerald_axe"
    },
    {
      "item": "additions:delta_stuff-emerald_mace"
    },
    {
      "item": "additions:delta_stuff-emerald_scythe"
    },
    {
      "item": "additions:delta_stuff-emerald_sword"
    },
    {
      "item": "additions:delta_stuff-emerald_heavy_sword"
    },
    {
      "item": "additions:delta_stuff-emerald_bow"
    },
    {
      "item": "additions:delta_stuff-poison_dagger"
    },
    {
      "item": "additions:delta_stuff-glass_blade"
    },
    {
      "item": "additions:delta_stuff-master_sword"
    },
    {
      "item": "additions:delta_stuff-energy_sword"
    },
    {
      "item": "additions:delta_stuff-darkness_blade"
    },
    {
      "item": "additions:delta_stuff-shadow_blade"
    },
    {
      "item": "additions:delta_stuff-life_sword"
    },
    {
      "item": "additions:delta_stuff-blue_lightsaber"
    },
    {
      "item": "additions:delta_stuff-purple_lightsaber"
    },
    {
      "item": "additions:delta_stuff-green_lightsaber"
    },
    {
      "item": "additions:delta_stuff-yellow_lightsaber"
    },
    {
      "item": "additions:delta_stuff-red_lightsaber"
    },
    {
      "item": "additions:delta_stuff-storm_helmet"
    },
    {
      "item": "additions:delta_stuff-shadow_helmet"
    },
    {
      "item": "additions:delta_stuff-life_helmet"
    },
    {
      "item": "additions:delta_stuff-darkness_helmet"
    },
    {
      "item": "additions:delta_stuff-emerald_helmet"
    },
    {
      "item": "additions:delta_stuff-storm_chestplate"
    },
    {
      "item": "additions:delta_stuff-shadow_chestplate"
    },
    {
      "item": "additions:delta_stuff-life_chestplate"
    },
    {
      "item": "additions:delta_stuff-darkness_chestplate"
    },
    {
      "item": "additions:delta_stuff-emerald_chestplate"
    },
    {
      "item": "additions:delta_stuff-storm_leggings"
    },
    {
      "item": "additions:delta_stuff-shadow_leggings"
    },
    {
      "item": "additions:delta_stuff-life_leggings"
    },
    {
      "item": "additions:delta_stuff-darkness_leggings"
    },
    {
      "item": "additions:delta_stuff-emerald_leggings"
    },
    {
      "item": "additions:delta_stuff-storm_boots"
    },
    {
      "item": "additions:delta_stuff-shadow_boots"
    },
    {
      "item": "additions:delta_stuff-life_boots"
    },
    {
      "item": "additions:delta_stuff-darkness_boots"
    },
    {
      "item": "additions:delta_stuff-emerald_boots"
    },
    {
      "item": "additions:delta_stuff-dark_iron_ingot"
    },
    {
      "item": "additions:delta_stuff-white_iron_ingot"
    },
    {
      "item": "additions:delta_stuff-life_ingot"
    },
    {
      "item": "additions:delta_stuff-lightsaber_handle"
    },
    {
      "item": "additions:delta_stuff-lightsaber_core"
    },
    {
      "item": "additions:delta_stuff-emerald_apple"
    },
    {
      "item": "additions:delta_stuff-enchanted_emerald_apple"
    },
    {
      "item": "minecraft:spawn_egg",
      "tag": "{display:{Lore:[\"It\u0027s a boss!\"],Name:\"Spawn Bob 2.0\"},EntityTag:{Tags:[\"Bob\"]}}"
    },
    {
      "item": "minecraft:spawn_egg",
      "tag": "{display:{Lore:[\"It\u0027s a miniboss!\"],Name:\"Spawn Spider Enforcer\"},EntityTag:{Tags:[\"Spider Enforcer\"]}}"
    },
    {
      "item": "minecraft:spawn_egg",
      "tag": "{display:{Lore:[\"It\u0027s a miniboss!\"],Name:\"Spawn Cave Spider Enforcer\"},EntityTag:{Tags:[\"Cave Spider Enforcer\"]}}"
    },
    {
      "item": "minecraft:spawn_egg",
      "tag": "{display:{Lore:[\"It\u0027s a miniboss!\"],Name:\"Spawn Ultra Ghast\"},EntityTag:{Tags:[\"Ultra Ghast\"]}}"
    },
    {
      "item": "minecraft:spawn_egg",
      "tag": "{display:{Lore:[\"It\u0027s a boss!\"],Name:\"Spawn Blaze Lord\"},EntityTag:{Tags:[\"Blaze Lord\"]}}"
    },
    {
      "item": "minecraft:spawn_egg",
      "tag": "{display:{Lore:[\"It\u0027s a boss!\"],Name:\"Spawn Baba Yaga\"},EntityTag:{Tags:[\"Baba Yaga\"]}}"
    },
    {
      "item": "minecraft:spawn_egg",
      "tag": "{display:{Lore:[\"It\u0027s a boss!\"],Name:\"Spawn Wither Warrior\"},EntityTag:{Tags:[\"Wither Warrior\"]}}"
    },
    {
      "item": "minecraft:spawn_egg",
      "tag": "{display:{Lore:[\"It\u0027s a boss!\"],Name:\"Spawn Bacon Overlord\"},EntityTag:{Tags:[\"Bacon Overlord\"]}}"
    },
    {
      "item": "minecraft:spawn_egg",
      "tag": "{display:{Lore:[\"It\u0027s a boss!\"],Name:\"Spawn Ghost Rider\"},EntityTag:{Tags:[\"Ghost Rider\"]}}"
    },
    {
      "item": "minecraft:spawn_egg",
      "tag": "{display:{Lore:[\"It\u0027s a helper!\"],Name:\"Spawn Superman\"},EntityTag:{Tags:[\"Superman\"]}}"
    },
    {
      "item": "minecraft:spawn_egg",
      "tag": "{display:{Lore:[\"It\u0027s a boss!\"],Name:\"Spawn Unlucky Wither\"},EntityTag:{Tags:[\"Unlucky Wither\"]}}"
    },
    {
      "item": "minecraft:spawn_egg",
      "tag": "{display:{Lore:[\"It\u0027s a major boss!\"],Name:\"Spawn Delta Wither\"},EntityTag:{Tags:[\"Delta Wither\"]}}"
    },
    {
      "item": "minecraft:spawn_egg",
      "tag": "{display:{Lore:[\"Are you MAD!?\"],Name:\"Spawn HEROBRINE\"},EntityTag:{Tags:[\"Herobrine\"]}}"
    },
    {
      "item": "minecraft:spawn_egg",
      "tag": "{display:{Lore:[\"Are you INSANE!?\"],Name:\"Spawn DELTA HEROBRINE\"},EntityTag:{Tags:[\"Delta Herobrine\"]}}"
    },
    {
      "item": "minecraft:spawn_egg",
      "tag": "{display:{Lore:[\"Have fun.\"],Name:\"Omega Trader\"},EntityTag:{Tags:[\"Omega Trader\"]}}"
    },
    {
      "item": "minecraft:spawn_egg",
      "tag": "{display:{Lore:[\"For the Challenge Games\",\"With Special OMEGA Trades\"],Name:\"Strange Item Collector\"},EntityTag:{Tags:[\"Strange Item Collector\"]}}"
    },
    {
      "item": "minecraft:spawn_egg",
      "tag": "{display:{Lore:[\"For the Challenge Games\"],Name:\"Lucky Trader\"},EntityTag:{Tags:[\"Lucky Trader\"]}}"
    },
    {
      "item": "minecraft:spawn_egg",
      "tag": "{display:{Lore:[\"For the Challenge Games\",\"With Special ALPHA Trades\"],Name:\"Battle Strategist\"},EntityTag:{Tags:[\"Battle Strategist\"]}}"
    },
    {
      "item": "minecraft:splash_potion",
      "tag": "{ench:[{lvl:1,id:34}],CustomPotionEffects:[{ShowParticles:0b,Duration:2000,Id:8,Amplifier:32},{ShowParticles:0b,Duration:2000,Id:21,Amplifier:127}],Potion:\"swiftness\",HideFlags:33,display:{Lore:[\"?\"],Name:\"?\"}}"
    },
    {
      "item": "minecraft:splash_potion",
      "tag": "{CustomPotionEffects:[{Duration:2000,Id:2,Amplifier:9},{Duration:2000,Id:4,Amplifier:9},{Duration:2000,Id:9,Amplifier:0},{Duration:2000,Id:15,Amplifier:0},{Duration:2000,Id:18,Amplifier:9}],Potion:\"swiftness\",HideFlags:32,display:{Lore:[\"Throw me at your friends!\"],Name:\"Bad Mystery Potion\"}}"
    },
    {
      "item": "minecraft:potion",
      "tag": "{CustomPotionEffects:[{Duration:2000,Id:2,Amplifier:9},{Duration:2000,Id:4,Amplifier:9},{Duration:2000,Id:9,Amplifier:0},{Duration:2000,Id:15,Amplifier:0},{Duration:2000,Id:18,Amplifier:9}],Potion:\"swiftness\",HideFlags:32,display:{Lore:[\"Drink me!\"],Name:\"Bad Mystery Potion\"}}"
    },
    {
      "item": "minecraft:splash_potion",
      "tag": "{CustomPotionEffects:[{Duration:2000,Id:1,Amplifier:9},{Duration:2000,Id:3,Amplifier:9},{Duration:2000,Id:5,Amplifier:9},{Duration:2000,Id:11,Amplifier:9}],Potion:\"swiftness\",HideFlags:32,display:{Lore:[\"Throw me at your friends!\"],Name:\"Good Mystery Potion\"}}"
    },
    {
      "item": "minecraft:potion",
      "tag": "{CustomPotionEffects:[{Duration:2000,Id:1,Amplifier:9},{Duration:2000,Id:3,Amplifier:9},{Duration:2000,Id:5,Amplifier:9},{Duration:2000,Id:11,Amplifier:9}],Potion:\"swiftness\",HideFlags:32,display:{Lore:[\"Drink me!\"],Name:\"Good Mystery Potion\"}}"
    }
  ]
}