{"stat.chestOpened":21,"stat.walkOneCm":36307,"stat.drop.minecraft.barrier":2,"stat.leaveGame":1,"stat.drop.lucky.lucky_block_omega":1,"stat.drop.minecraft.quartz_stairs":1,"stat.drop.lucky.lucky_block_delta":1,"stat.drop.minecraft.ender_chest":2,"stat.flyOneCm":427036,"stat.drop.lucky.lucky_block_pink":1,"stat.drop.minecraft.sign":1,"stat.drop.minecraft.bedrock":2,"stat.drop":15,"stat.jump":167,"stat.swimOneCm":409,"stat.playOneMinute":35238,"stat.climbOneCm":37,"stat.sneakTime":1812,"stat.drop.minecraft.cactus":1,"stat.drop.minecraft.wooden_button":1,"stat.drop.lucky.lucky_block":1,"stat.crouchOneCm":1174,"stat.timeSinceDeath":35238,"stat.sprintOneCm":59507,"stat.useItem.minecraft.stone_slab2":236,"stat.drop.minecraft.command_block":1}