{
  "recipe": {
    "type": "forge:ore_shaped",
    "result": {
      "item": "additions:delta_stuff-poison_dagger"
    },
    "key": {
      "0": {
        "ore_name": "eye",
        "stack_list": [
          {
            "item": "minecraft:spider_eye",
            "damage": "any"
          }
        ],
        "type": "additions:ingredient_ore_nbt"
      },
      "1": {
        "ore_name": "ingotIron",
        "type": "additions:ingredient_ore_nbt"
      },
      "2": {
        "ore_name": "stickWood",
        "type": "additions:ingredient_ore_nbt"
      }
    },
    "pattern": [
      "0",
      "1",
      "2"
    ]
  },
  "type": "additions:crafting_shaped"
}