{
  "recipe": {
    "type": "forge:ore_shaped",
    "result": {
      "item": "additions:delta_stuff-lightsaber_core"
    },
    "key": {
      "0": {
        "ore_name": "blockGlassColorless",
        "type": "additions:ingredient_ore_nbt"
      },
      "1": {
        "ore_name": "enderpearl",
        "type": "additions:ingredient_ore_nbt"
      },
      "2": {
        "ore_name": "netherStar",
        "type": "additions:ingredient_ore_nbt"
      }
    },
    "pattern": [
      "010",
      "121",
      "010"
    ]
  },
  "type": "additions:crafting_shaped"
}