{
  "recipe": {
    "type": "forge:ore_shaped",
    "result": {
      "item": "additions:delta_stuff-master_sword"
    },
    "key": {
      "0": {
        "ore_name": "gemEmerald",
        "type": "additions:ingredient_ore_nbt"
      },
      "1": {
        "ore_name": "ingotIron",
        "type": "additions:ingredient_ore_nbt"
      },
      "2": {
        "ore_name": "stickWood",
        "type": "additions:ingredient_ore_nbt"
      }
    },
    "pattern": [
      " 01",
      " 10",
      "2  "
    ]
  },
  "type": "additions:crafting_shaped"
}