{
  "recipe": {
    "type": "forge:ore_shaped",
    "result": {
      "item": "additions:delta_stuff-red_lightsaber"
    },
    "key": {
      "0": {
        "ore_name": "dyeRed",
        "type": "additions:ingredient_ore_nbt"
      },
      "1": {
        "stack_list": [
          {
            "item": "additions:delta_stuff-lightsaber_core",
            "damage": "any"
          }
        ],
        "type": "additions:ingredient_ore_nbt"
      },
      "2": {
        "stack_list": [
          {
            "item": "additions:delta_stuff-lightsaber_handle",
            "damage": "any"
          }
        ],
        "type": "additions:ingredient_ore_nbt"
      }
    },
    "pattern": [
      "0",
      "1",
      "2"
    ]
  },
  "type": "additions:crafting_shaped"
}