{
  "recipe": {
    "type": "forge:ore_shaped",
    "result": {
      "item": "additions:delta_stuff-lightsaber_handle"
    },
    "key": {
      "0": {
        "ore_name": "ingotIron",
        "type": "additions:ingredient_ore_nbt"
      },
      "1": {
        "stack_list": [
          {
            "item": "minecraft:blaze_rod",
            "damage": "any"
          }
        ],
        "type": "additions:ingredient_ore_nbt"
      }
    },
    "pattern": [
      " 0 ",
      "010",
      " 0 "
    ]
  },
  "type": "additions:crafting_shaped"
}