{
  "recipe": {
    "type": "forge:ore_shaped",
    "result": {
      "item": "additions:delta_stuff-emerald_apple"
    },
    "key": {
      "0": {
        "ore_name": "gemEmerald",
        "type": "additions:ingredient_ore_nbt"
      },
      "1": {
        "ore_name": "app",
        "stack_list": [
          {
            "item": "minecraft:apple",
            "damage": "any"
          }
        ],
        "type": "additions:ingredient_ore_nbt"
      }
    },
    "pattern": [
      "000",
      "010",
      "000"
    ]
  },
  "type": "additions:crafting_shaped"
}