{
  "recipe": {
    "type": "forge:ore_shaped",
    "result": {
      "item": "additions:delta_stuff-life_sword"
    },
    "key": {
      "0": {
        "ore_name": "life",
        "stack_list": [
          {
            "item": "additions:delta_stuff-life_ingot",
            "damage": "any"
          }
        ],
        "type": "additions:ingredient_ore_nbt"
      },
      "1": {
        "ore_name": "stickWood",
        "type": "additions:ingredient_ore_nbt"
      }
    },
    "pattern": [
      "0",
      "0",
      "1"
    ]
  },
  "type": "additions:crafting_shaped"
}