{
  "recipe": {
    "type": "forge:ore_shaped",
    "result": {
      "item": "additions:delta_stuff-emerald_heavy_sword"
    },
    "key": {
      "0": {
        "ore_name": "gemEmerald",
        "type": "additions:ingredient_ore_nbt"
      },
      "1": {
        "ore_name": "blockEmerald",
        "type": "additions:ingredient_ore_nbt"
      },
      "2": {
        "ore_name": "stickWood",
        "type": "additions:ingredient_ore_nbt"
      }
    },
    "pattern": [
      " 00",
      "010",
      "20 "
    ]
  },
  "type": "additions:crafting_shaped"
}