{
  "name": "§aEmerald Apple",
  "hunger": 6,
  "saturation": 0.25,
  "always_edible": true,
  "eaten_effects": [
    {
      "potion": {
        "name": "minecraft:speed",
        "duration": 300,
        "amplifier": 1,
        "ambient": false,
        "show_particles": true
      },
      "type": "additions:potion"
    },
    {
      "potion": {
        "name": "minecraft:strength",
        "duration": 300,
        "amplifier": 1,
        "ambient": false,
        "show_particles": true
      },
      "type": "additions:potion"
    }
  ],
  "type": "additions:food"
}