{
  "name": "Emerald Mace",
  "max_stack": 1,
  "attribute_modifiers": [
    {
      "attribute_name": "generic.attackDamage",
      "amount": 8.0,
      "slot": "mainhand",
      "uuid": "cb3f55d3-645c-4f38-a497-9c13a33db5cf"
    }
  ],
  "durability": 2000,
  "harvest_level": 3,
  "harvest_radius_width": 0,
  "harvest_depth": 0,
  "efficiency": 12.0,
  "enchantability": 16,
  "repair_stacks": {
    "ore_name": "gemEmerald"
  },
  "tool_classes": [
    "sword",
    "pickaxe"
  ],
  "type": "additions:multitool"
}