{
  "name": "§2Emerald Apple",
  "shines": true,
  "hunger": 8,
  "saturation": 0.25,
  "always_edible": true,
  "eaten_effects": [
    {
      "potion": {
        "name": "minecraft:speed",
        "duration": 3000,
        "amplifier": 3,
        "ambient": false,
        "show_particles": true
      },
      "type": "additions:potion"
    },
    {
      "potion": {
        "name": "minecraft:strength",
        "duration": 3000,
        "amplifier": 3,
        "ambient": false,
        "show_particles": true
      },
      "type": "additions:potion"
    },
    {
      "potion": {
        "name": "minecraft:jump_boost",
        "duration": 3000,
        "amplifier": 3,
        "ambient": false,
        "show_particles": true
      },
      "type": "additions:potion"
    }
  ],
  "type": "additions:food"
}